{"inputUnits":[2],"outputUnits":1,"inputs":{"x":{"dtype":"number","min":14.485682832405345,"max":631.5158704577334},"y":{"dtype":"number","min":10.161366769122601,"max":473.181865441765}},"outputs":{"frequency":{"dtype":"number","min":1,"max":6}},"isNormalized":true}